{"cameraMode":{"drawMode":0,"name":"Shaded","section":"Shading Mode"},"sceneLighting":true,"audioPlay":false,"sceneViewState":{"m_AlwaysRefresh":false,"showFog":true,"showSkybox":true,"showFlares":true,"showImageEffects":true,"showParticleSystems":true,"showVisualEffectGraphs":true,"m_FxEnabled":true},"in2DMode":false,"pivot":{"x":-7.672675609588623,"y":1.7980661392211915,"z":14.227828979492188},"rotation":{"x":0.00792693067342043,"y":0.7450605630874634,"z":0.009010808542370797,"w":-0.6670889258384705},"size":14.315438270568848,"orthographic":false}